,chrompos,token
0,1_0,1
1,1_1,2
2,1_2,3
3,1_3,4
4,1_4,5
5,1_5,6
6,1_6,7
7,1_7,8
8,1_8,9
9,1_9,10
10,1_10,11
11,1_11,12
12,1_12,13
13,1_13,14
14,1_14,15
15,1_15,16
16,1_16,17
17,1_17,18
18,1_18,19
19,1_19,20
20,1_20,21
21,1_21,22
22,1_22,23
23,1_23,24
24,1_24,25
25,1_25,26
26,1_26,27
27,1_27,28
28,1_28,29
29,1_29,30
30,1_30,31
31,1_31,32
32,1_32,33
33,1_33,34
34,1_34,35
35,1_35,36
36,1_36,37
37,1_37,38
38,1_38,39
39,1_39,40
40,1_40,41
41,1_41,42
42,1_42,43
43,1_43,44
44,1_44,45
45,1_45,46
46,1_46,47
47,1_47,48
48,1_48,49
49,1_49,50
50,1_50,51
51,1_51,52
52,1_52,53
53,1_53,54
54,1_54,55
55,1_55,56
56,1_56,57
57,1_57,58
58,1_58,59
59,1_59,60
60,1_60,61
61,1_61,62
62,1_62,63
63,1_63,64
64,1_64,65
65,1_65,66
66,1_66,67
67,1_67,68
68,1_68,69
69,1_69,70
70,1_70,71
71,1_71,72
72,1_72,73
73,1_73,74
74,1_74,75
75,1_75,76
76,1_76,77
77,1_77,78
78,1_78,79
79,1_79,80
80,1_80,81
81,1_81,82
82,1_82,83
83,1_83,84
84,1_84,85
85,1_85,86
86,1_86,87
87,1_87,88
88,1_88,89
89,1_89,90
90,1_90,91
91,1_91,92
92,1_92,93
93,1_93,94
94,1_94,95
95,1_95,96
96,1_96,97
97,1_97,98
98,1_98,99
99,1_99,100
100,1_100,101
101,1_101,102
102,1_102,103
103,1_103,104
104,1_104,105
105,1_105,106
106,1_106,107
107,1_107,108
108,1_108,109
109,1_109,110
110,1_110,111
111,1_111,112
112,1_112,113
113,1_113,114
114,1_114,115
115,1_115,116
116,1_116,117
117,1_117,118
118,1_118,119
119,1_119,120
120,1_120,121
121,1_121,122
122,1_142,123
123,1_143,124
124,1_144,125
125,1_145,126
126,1_146,127
127,1_147,128
128,1_148,129
129,1_149,130
130,1_150,131
131,1_151,132
132,1_152,133
133,1_153,134
134,1_154,135
135,1_155,136
136,1_156,137
137,1_157,138
138,1_158,139
139,1_159,140
140,1_160,141
141,1_161,142
142,1_162,143
143,1_163,144
144,1_164,145
145,1_165,146
146,1_166,147
147,1_167,148
148,1_168,149
149,1_169,150
150,1_170,151
151,1_171,152
152,1_172,153
153,1_173,154
154,1_174,155
155,1_175,156
156,1_176,157
157,1_177,158
158,1_178,159
159,1_179,160
160,1_180,161
161,1_181,162
162,1_182,163
163,1_183,164
164,1_184,165
165,1_185,166
166,1_186,167
167,1_187,168
168,1_188,169
169,1_189,170
170,1_190,171
171,1_191,172
172,1_192,173
173,1_193,174
174,1_194,175
175,1_195,176
176,1_196,177
177,1_197,178
178,1_198,179
179,1_199,180
180,1_200,181
181,1_201,182
182,1_202,183
183,1_203,184
184,1_204,185
185,1_205,186
186,1_206,187
187,1_207,188
188,1_208,189
189,1_209,190
190,1_210,191
191,1_211,192
192,1_212,193
193,1_213,194
194,1_214,195
195,1_215,196
196,1_216,197
197,1_217,198
198,1_218,199
199,1_219,200
200,1_220,201
201,1_221,202
202,1_222,203
203,1_223,204
204,1_224,205
205,1_225,206
206,1_226,207
207,1_227,208
208,1_228,209
209,1_229,210
210,1_230,211
211,1_231,212
212,1_232,213
213,1_233,214
214,1_234,215
215,1_235,216
216,1_236,217
217,1_237,218
218,1_238,219
219,1_239,220
220,1_240,221
221,1_241,222
222,1_242,223
223,1_243,224
224,1_244,225
225,1_245,226
226,1_246,227
227,1_247,228
228,1_248,229
229,1_249,230
230,2_0,231
231,2_1,232
232,2_2,233
233,2_3,234
234,2_4,235
235,2_5,236
236,2_6,237
237,2_7,238
238,2_8,239
239,2_9,240
240,2_10,241
241,2_11,242
242,2_12,243
243,2_13,244
244,2_14,245
245,2_15,246
246,2_16,247
247,2_17,248
248,2_18,249
249,2_19,250
250,2_20,251
251,2_21,252
252,2_22,253
253,2_23,254
254,2_24,255
255,2_25,256
256,2_26,257
257,2_27,258
258,2_28,259
259,2_29,260
260,2_30,261
261,2_31,262
262,2_32,263
263,2_33,264
264,2_34,265
265,2_35,266
266,2_36,267
267,2_37,268
268,2_38,269
269,2_39,270
270,2_40,271
271,2_41,272
272,2_42,273
273,2_43,274
274,2_44,275
275,2_45,276
276,2_46,277
277,2_47,278
278,2_48,279
279,2_49,280
280,2_50,281
281,2_51,282
282,2_52,283
283,2_53,284
284,2_54,285
285,2_55,286
286,2_56,287
287,2_57,288
288,2_58,289
289,2_59,290
290,2_60,291
291,2_61,292
292,2_62,293
293,2_63,294
294,2_64,295
295,2_65,296
296,2_66,297
297,2_67,298
298,2_68,299
299,2_69,300
300,2_70,301
301,2_71,302
302,2_72,303
303,2_73,304
304,2_74,305
305,2_75,306
306,2_76,307
307,2_77,308
308,2_78,309
309,2_79,310
310,2_80,311
311,2_81,312
312,2_82,313
313,2_83,314
314,2_84,315
315,2_85,316
316,2_86,317
317,2_87,318
318,2_88,319
319,2_89,320
320,2_90,321
321,2_91,322
322,2_92,323
323,2_95,324
324,2_96,325
325,2_97,326
326,2_98,327
327,2_99,328
328,2_100,329
329,2_101,330
330,2_102,331
331,2_103,332
332,2_104,333
333,2_105,334
334,2_106,335
335,2_107,336
336,2_108,337
337,2_109,338
338,2_110,339
339,2_111,340
340,2_112,341
341,2_113,342
342,2_114,343
343,2_115,344
344,2_116,345
345,2_117,346
346,2_118,347
347,2_119,348
348,2_120,349
349,2_121,350
350,2_122,351
351,2_123,352
352,2_124,353
353,2_125,354
354,2_126,355
355,2_127,356
356,2_128,357
357,2_129,358
358,2_130,359
359,2_131,360
360,2_132,361
361,2_133,362
362,2_134,363
363,2_135,364
364,2_136,365
365,2_137,366
366,2_138,367
367,2_139,368
368,2_140,369
369,2_141,370
370,2_142,371
371,2_143,372
372,2_144,373
373,2_145,374
374,2_146,375
375,2_147,376
376,2_148,377
377,2_149,378
378,2_150,379
379,2_151,380
380,2_152,381
381,2_153,382
382,2_154,383
383,2_155,384
384,2_156,385
385,2_157,386
386,2_158,387
387,2_159,388
388,2_160,389
389,2_161,390
390,2_162,391
391,2_163,392
392,2_164,393
393,2_165,394
394,2_166,395
395,2_167,396
396,2_168,397
397,2_169,398
398,2_170,399
399,2_171,400
400,2_172,401
401,2_173,402
402,2_174,403
403,2_175,404
404,2_176,405
405,2_177,406
406,2_178,407
407,2_179,408
408,2_180,409
409,2_181,410
410,2_182,411
411,2_183,412
412,2_184,413
413,2_185,414
414,2_186,415
415,2_187,416
416,2_188,417
417,2_189,418
418,2_190,419
419,2_191,420
420,2_192,421
421,2_193,422
422,2_194,423
423,2_195,424
424,2_196,425
425,2_197,426
426,2_198,427
427,2_199,428
428,2_200,429
429,2_201,430
430,2_202,431
431,2_203,432
432,2_204,433
433,2_205,434
434,2_206,435
435,2_207,436
436,2_208,437
437,2_209,438
438,2_210,439
439,2_211,440
440,2_212,441
441,2_213,442
442,2_214,443
443,2_215,444
444,2_216,445
445,2_217,446
446,2_218,447
447,2_219,448
448,2_220,449
449,2_221,450
450,2_222,451
451,2_223,452
452,2_224,453
453,2_225,454
454,2_226,455
455,2_227,456
456,2_228,457
457,2_229,458
458,2_230,459
459,2_231,460
460,2_232,461
461,2_233,462
462,2_234,463
463,2_235,464
464,2_236,465
465,2_237,466
466,2_238,467
467,2_239,468
468,2_240,469
469,2_241,470
470,2_242,471
471,2_243,472
472,3_0,473
473,3_1,474
474,3_2,475
475,3_3,476
476,3_4,477
477,3_5,478
478,3_6,479
479,3_7,480
480,3_8,481
481,3_9,482
482,3_10,483
483,3_11,484
484,3_12,485
485,3_13,486
486,3_14,487
487,3_15,488
488,3_16,489
489,3_17,490
490,3_18,491
491,3_19,492
492,3_20,493
493,3_21,494
494,3_22,495
495,3_23,496
496,3_24,497
497,3_25,498
498,3_26,499
499,3_27,500
500,3_28,501
501,3_29,502
502,3_30,503
503,3_31,504
504,3_32,505
505,3_33,506
506,3_34,507
507,3_35,508
508,3_36,509
509,3_37,510
510,3_38,511
511,3_39,512
512,3_40,513
513,3_41,514
514,3_42,515
515,3_43,516
516,3_44,517
517,3_45,518
518,3_46,519
519,3_47,520
520,3_48,521
521,3_49,522
522,3_50,523
523,3_51,524
524,3_52,525
525,3_53,526
526,3_54,527
527,3_55,528
528,3_56,529
529,3_57,530
530,3_58,531
531,3_59,532
532,3_60,533
533,3_61,534
534,3_62,535
535,3_63,536
536,3_64,537
537,3_65,538
538,3_66,539
539,3_67,540
540,3_68,541
541,3_69,542
542,3_70,543
543,3_71,544
544,3_72,545
545,3_73,546
546,3_74,547
547,3_75,548
548,3_76,549
549,3_77,550
550,3_78,551
551,3_79,552
552,3_80,553
553,3_81,554
554,3_82,555
555,3_83,556
556,3_84,557
557,3_85,558
558,3_86,559
559,3_87,560
560,3_88,561
561,3_89,562
562,3_90,563
563,3_93,564
564,3_94,565
565,3_95,566
566,3_96,567
567,3_97,568
568,3_98,569
569,3_99,570
570,3_100,571
571,3_101,572
572,3_102,573
573,3_103,574
574,3_104,575
575,3_105,576
576,3_106,577
577,3_107,578
578,3_108,579
579,3_109,580
580,3_110,581
581,3_111,582
582,3_112,583
583,3_113,584
584,3_114,585
585,3_115,586
586,3_116,587
587,3_117,588
588,3_118,589
589,3_119,590
590,3_120,591
591,3_121,592
592,3_122,593
593,3_123,594
594,3_124,595
595,3_125,596
596,3_126,597
597,3_127,598
598,3_128,599
599,3_129,600
600,3_130,601
601,3_131,602
602,3_132,603
603,3_133,604
604,3_134,605
605,3_135,606
606,3_136,607
607,3_137,608
608,3_138,609
609,3_139,610
610,3_140,611
611,3_141,612
612,3_142,613
613,3_143,614
614,3_144,615
615,3_145,616
616,3_146,617
617,3_147,618
618,3_148,619
619,3_149,620
620,3_150,621
621,3_151,622
622,3_152,623
623,3_153,624
624,3_154,625
625,3_155,626
626,3_156,627
627,3_157,628
628,3_158,629
629,3_159,630
630,3_160,631
631,3_161,632
632,3_162,633
633,3_163,634
634,3_164,635
635,3_165,636
636,3_166,637
637,3_167,638
638,3_168,639
639,3_169,640
640,3_170,641
641,3_171,642
642,3_172,643
643,3_173,644
644,3_174,645
645,3_175,646
646,3_176,647
647,3_177,648
648,3_178,649
649,3_179,650
650,3_180,651
651,3_181,652
652,3_182,653
653,3_183,654
654,3_184,655
655,3_185,656
656,3_186,657
657,3_187,658
658,3_188,659
659,3_189,660
660,3_190,661
661,3_191,662
662,3_192,663
663,3_193,664
664,3_194,665
665,3_195,666
666,3_196,667
667,3_197,668
668,4_0,669
669,4_1,670
670,4_2,671
671,4_3,672
672,4_4,673
673,4_5,674
674,4_6,675
675,4_7,676
676,4_8,677
677,4_9,678
678,4_10,679
679,4_11,680
680,4_12,681
681,4_13,682
682,4_14,683
683,4_15,684
684,4_16,685
685,4_17,686
686,4_18,687
687,4_19,688
688,4_20,689
689,4_21,690
690,4_22,691
691,4_23,692
692,4_24,693
693,4_25,694
694,4_26,695
695,4_27,696
696,4_28,697
697,4_29,698
698,4_30,699
699,4_31,700
700,4_32,701
701,4_33,702
702,4_34,703
703,4_35,704
704,4_36,705
705,4_37,706
706,4_38,707
707,4_39,708
708,4_40,709
709,4_41,710
710,4_42,711
711,4_43,712
712,4_44,713
713,4_45,714
714,4_46,715
715,4_47,716
716,4_48,717
717,4_49,718
718,4_52,719
719,4_53,720
720,4_54,721
721,4_55,722
722,4_56,723
723,4_57,724
724,4_58,725
725,4_59,726
726,4_60,727
727,4_61,728
728,4_62,729
729,4_63,730
730,4_64,731
731,4_65,732
732,4_66,733
733,4_67,734
734,4_68,735
735,4_69,736
736,4_70,737
737,4_71,738
738,4_72,739
739,4_73,740
740,4_74,741
741,4_75,742
742,4_76,743
743,4_77,744
744,4_78,745
745,4_79,746
746,4_80,747
747,4_81,748
748,4_82,749
749,4_83,750
750,4_84,751
751,4_85,752
752,4_86,753
753,4_87,754
754,4_88,755
755,4_89,756
756,4_90,757
757,4_91,758
758,4_92,759
759,4_93,760
760,4_94,761
761,4_95,762
762,4_96,763
763,4_97,764
764,4_98,765
765,4_99,766
766,4_100,767
767,4_101,768
768,4_102,769
769,4_103,770
770,4_104,771
771,4_105,772
772,4_106,773
773,4_107,774
774,4_108,775
775,4_109,776
776,4_110,777
777,4_111,778
778,4_112,779
779,4_113,780
780,4_114,781
781,4_115,782
782,4_116,783
783,4_117,784
784,4_118,785
785,4_119,786
786,4_120,787
787,4_121,788
788,4_122,789
789,4_123,790
790,4_124,791
791,4_125,792
792,4_126,793
793,4_127,794
794,4_128,795
795,4_129,796
796,4_130,797
797,4_131,798
798,4_132,799
799,4_133,800
800,4_134,801
801,4_135,802
802,4_136,803
803,4_137,804
804,4_138,805
805,4_139,806
806,4_140,807
807,4_141,808
808,4_142,809
809,4_143,810
810,4_144,811
811,4_145,812
812,4_146,813
813,4_147,814
814,4_148,815
815,4_149,816
816,4_150,817
817,4_151,818
818,4_152,819
819,4_153,820
820,4_154,821
821,4_155,822
822,4_156,823
823,4_157,824
824,4_158,825
825,4_159,826
826,4_160,827
827,4_161,828
828,4_162,829
829,4_163,830
830,4_164,831
831,4_165,832
832,4_166,833
833,4_167,834
834,4_168,835
835,4_169,836
836,4_170,837
837,4_171,838
838,4_172,839
839,4_173,840
840,4_174,841
841,4_175,842
842,4_176,843
843,4_177,844
844,4_178,845
845,4_179,846
846,4_180,847
847,4_181,848
848,4_182,849
849,4_183,850
850,4_184,851
851,4_185,852
852,4_186,853
853,4_187,854
854,4_188,855
855,4_189,856
856,4_190,857
857,4_191,858
858,5_0,859
859,5_1,860
860,5_2,861
861,5_3,862
862,5_4,863
863,5_5,864
864,5_6,865
865,5_7,866
866,5_8,867
867,5_9,868
868,5_10,869
869,5_11,870
870,5_12,871
871,5_13,872
872,5_14,873
873,5_15,874
874,5_16,875
875,5_17,876
876,5_18,877
877,5_19,878
878,5_20,879
879,5_21,880
880,5_22,881
881,5_23,882
882,5_24,883
883,5_25,884
884,5_26,885
885,5_27,886
886,5_28,887
887,5_29,888
888,5_30,889
889,5_31,890
890,5_32,891
891,5_33,892
892,5_34,893
893,5_35,894
894,5_36,895
895,5_37,896
896,5_38,897
897,5_39,898
898,5_40,899
899,5_41,900
900,5_42,901
901,5_43,902
902,5_44,903
903,5_45,904
904,5_46,905
905,5_49,906
906,5_50,907
907,5_51,908
908,5_52,909
909,5_53,910
910,5_54,911
911,5_55,912
912,5_56,913
913,5_57,914
914,5_58,915
915,5_59,916
916,5_60,917
917,5_61,918
918,5_62,919
919,5_63,920
920,5_64,921
921,5_65,922
922,5_66,923
923,5_67,924
924,5_68,925
925,5_69,926
926,5_70,927
927,5_71,928
928,5_72,929
929,5_73,930
930,5_74,931
931,5_75,932
932,5_76,933
933,5_77,934
934,5_78,935
935,5_79,936
936,5_80,937
937,5_81,938
938,5_82,939
939,5_83,940
940,5_84,941
941,5_85,942
942,5_86,943
943,5_87,944
944,5_88,945
945,5_89,946
946,5_90,947
947,5_91,948
948,5_92,949
949,5_93,950
950,5_94,951
951,5_95,952
952,5_96,953
953,5_97,954
954,5_98,955
955,5_99,956
956,5_100,957
957,5_101,958
958,5_102,959
959,5_103,960
960,5_104,961
961,5_105,962
962,5_106,963
963,5_107,964
964,5_108,965
965,5_109,966
966,5_110,967
967,5_111,968
968,5_112,969
969,5_113,970
970,5_114,971
971,5_115,972
972,5_116,973
973,5_117,974
974,5_118,975
975,5_119,976
976,5_120,977
977,5_121,978
978,5_122,979
979,5_123,980
980,5_124,981
981,5_125,982
982,5_126,983
983,5_127,984
984,5_128,985
985,5_129,986
986,5_130,987
987,5_131,988
988,5_132,989
989,5_133,990
990,5_134,991
991,5_135,992
992,5_136,993
993,5_137,994
994,5_138,995
995,5_139,996
996,5_140,997
997,5_141,998
998,5_142,999
999,5_143,1000
1000,5_144,1001
1001,5_145,1002
1002,5_146,1003
1003,5_147,1004
1004,5_148,1005
1005,5_149,1006
1006,5_150,1007
1007,5_151,1008
1008,5_152,1009
1009,5_153,1010
1010,5_154,1011
1011,5_155,1012
1012,5_156,1013
1013,5_157,1014
1014,5_158,1015
1015,5_159,1016
1016,5_160,1017
1017,5_161,1018
1018,5_162,1019
1019,5_163,1020
1020,5_164,1021
1021,5_165,1022
1022,5_166,1023
1023,5_167,1024
1024,5_168,1025
1025,5_169,1026
1026,5_170,1027
1027,5_171,1028
1028,5_172,1029
1029,5_173,1030
1030,5_174,1031
1031,5_175,1032
1032,5_176,1033
1033,5_177,1034
1034,5_178,1035
1035,5_179,1036
1036,5_180,1037
1037,6_0,1038
1038,6_1,1039
1039,6_2,1040
1040,6_3,1041
1041,6_4,1042
1042,6_5,1043
1043,6_6,1044
1044,6_7,1045
1045,6_8,1046
1046,6_9,1047
1047,6_10,1048
1048,6_11,1049
1049,6_12,1050
1050,6_13,1051
1051,6_14,1052
1052,6_15,1053
1053,6_16,1054
1054,6_17,1055
1055,6_18,1056
1056,6_19,1057
1057,6_20,1058
1058,6_21,1059
1059,6_22,1060
1060,6_23,1061
1061,6_24,1062
1062,6_25,1063
1063,6_26,1064
1064,6_27,1065
1065,6_28,1066
1066,6_29,1067
1067,6_30,1068
1068,6_31,1069
1069,6_32,1070
1070,6_33,1071
1071,6_34,1072
1072,6_35,1073
1073,6_36,1074
1074,6_37,1075
1075,6_38,1076
1076,6_39,1077
1077,6_40,1078
1078,6_41,1079
1079,6_42,1080
1080,6_43,1081
1081,6_44,1082
1082,6_45,1083
1083,6_46,1084
1084,6_47,1085
1085,6_48,1086
1086,6_49,1087
1087,6_50,1088
1088,6_51,1089
1089,6_52,1090
1090,6_53,1091
1091,6_54,1092
1092,6_55,1093
1093,6_56,1094
1094,6_57,1095
1095,6_58,1096
1096,6_61,1097
1097,6_62,1098
1098,6_63,1099
1099,6_64,1100
1100,6_65,1101
1101,6_66,1102
1102,6_67,1103
1103,6_68,1104
1104,6_69,1105
1105,6_70,1106
1106,6_71,1107
1107,6_72,1108
1108,6_73,1109
1109,6_74,1110
1110,6_75,1111
1111,6_76,1112
1112,6_77,1113
1113,6_78,1114
1114,6_79,1115
1115,6_80,1116
1116,6_81,1117
1117,6_82,1118
1118,6_83,1119
1119,6_84,1120
1120,6_85,1121
1121,6_86,1122
1122,6_87,1123
1123,6_88,1124
1124,6_89,1125
1125,6_90,1126
1126,6_91,1127
1127,6_92,1128
1128,6_93,1129
1129,6_94,1130
1130,6_95,1131
1131,6_96,1132
1132,6_97,1133
1133,6_98,1134
1134,6_99,1135
1135,6_100,1136
1136,6_101,1137
1137,6_102,1138
1138,6_103,1139
1139,6_104,1140
1140,6_105,1141
1141,6_106,1142
1142,6_107,1143
1143,6_108,1144
1144,6_109,1145
1145,6_110,1146
1146,6_111,1147
1147,6_112,1148
1148,6_113,1149
1149,6_114,1150
1150,6_115,1151
1151,6_116,1152
1152,6_117,1153
1153,6_118,1154
1154,6_119,1155
1155,6_120,1156
1156,6_121,1157
1157,6_122,1158
1158,6_123,1159
1159,6_124,1160
1160,6_125,1161
1161,6_126,1162
1162,6_127,1163
1163,6_128,1164
1164,6_129,1165
1165,6_130,1166
1166,6_131,1167
1167,6_132,1168
1168,6_133,1169
1169,6_134,1170
1170,6_135,1171
1171,6_136,1172
1172,6_137,1173
1173,6_138,1174
1174,6_139,1175
1175,6_140,1176
1176,6_141,1177
1177,6_142,1178
1178,6_143,1179
1179,6_144,1180
1180,6_145,1181
1181,6_146,1182
1182,6_147,1183
1183,6_148,1184
1184,6_149,1185
1185,6_150,1186
1186,6_151,1187
1187,6_152,1188
1188,6_153,1189
1189,6_154,1190
1190,6_155,1191
1191,6_156,1192
1192,6_157,1193
1193,6_158,1194
1194,6_159,1195
1195,6_160,1196
1196,6_161,1197
1197,6_162,1198
1198,6_163,1199
1199,6_164,1200
1200,6_165,1201
1201,6_166,1202
1202,6_167,1203
1203,6_168,1204
1204,6_169,1205
1205,6_170,1206
1206,6_171,1207
1207,7_0,1208
1208,7_1,1209
1209,7_2,1210
1210,7_3,1211
1211,7_4,1212
1212,7_5,1213
1213,7_6,1214
1214,7_7,1215
1215,7_8,1216
1216,7_9,1217
1217,7_10,1218
1218,7_11,1219
1219,7_12,1220
1220,7_13,1221
1221,7_14,1222
1222,7_15,1223
1223,7_16,1224
1224,7_17,1225
1225,7_18,1226
1226,7_19,1227
1227,7_20,1228
1228,7_21,1229
1229,7_22,1230
1230,7_23,1231
1231,7_24,1232
1232,7_25,1233
1233,7_26,1234
1234,7_27,1235
1235,7_28,1236
1236,7_29,1237
1237,7_30,1238
1238,7_31,1239
1239,7_32,1240
1240,7_33,1241
1241,7_34,1242
1242,7_35,1243
1243,7_36,1244
1244,7_37,1245
1245,7_38,1246
1246,7_39,1247
1247,7_40,1248
1248,7_41,1249
1249,7_42,1250
1250,7_43,1251
1251,7_44,1252
1252,7_45,1253
1253,7_46,1254
1254,7_47,1255
1255,7_48,1256
1256,7_49,1257
1257,7_50,1258
1258,7_51,1259
1259,7_52,1260
1260,7_53,1261
1261,7_54,1262
1262,7_55,1263
1263,7_56,1264
1264,7_57,1265
1265,7_58,1266
1266,7_61,1267
1267,7_62,1268
1268,7_63,1269
1269,7_64,1270
1270,7_65,1271
1271,7_66,1272
1272,7_67,1273
1273,7_68,1274
1274,7_69,1275
1275,7_70,1276
1276,7_71,1277
1277,7_72,1278
1278,7_73,1279
1279,7_74,1280
1280,7_75,1281
1281,7_76,1282
1282,7_77,1283
1283,7_78,1284
1284,7_79,1285
1285,7_80,1286
1286,7_81,1287
1287,7_82,1288
1288,7_83,1289
1289,7_84,1290
1290,7_85,1291
1291,7_86,1292
1292,7_87,1293
1293,7_88,1294
1294,7_89,1295
1295,7_90,1296
1296,7_91,1297
1297,7_92,1298
1298,7_93,1299
1299,7_94,1300
1300,7_95,1301
1301,7_96,1302
1302,7_97,1303
1303,7_98,1304
1304,7_99,1305
1305,7_100,1306
1306,7_101,1307
1307,7_102,1308
1308,7_103,1309
1309,7_104,1310
1310,7_105,1311
1311,7_106,1312
1312,7_107,1313
1313,7_108,1314
1314,7_109,1315
1315,7_110,1316
1316,7_111,1317
1317,7_112,1318
1318,7_113,1319
1319,7_114,1320
1320,7_115,1321
1321,7_116,1322
1322,7_117,1323
1323,7_118,1324
1324,7_119,1325
1325,7_120,1326
1326,7_121,1327
1327,7_122,1328
1328,7_123,1329
1329,7_124,1330
1330,7_125,1331
1331,7_126,1332
1332,7_127,1333
1333,7_128,1334
1334,7_129,1335
1335,7_130,1336
1336,7_131,1337
1337,7_132,1338
1338,7_133,1339
1339,7_134,1340
1340,7_135,1341
1341,7_136,1342
1342,7_137,1343
1343,7_138,1344
1344,7_139,1345
1345,7_140,1346
1346,7_141,1347
1347,7_142,1348
1348,7_143,1349
1349,7_144,1350
1350,7_145,1351
1351,7_146,1352
1352,7_147,1353
1353,7_148,1354
1354,7_149,1355
1355,7_150,1356
1356,7_151,1357
1357,7_152,1358
1358,7_153,1359
1359,7_154,1360
1360,7_155,1361
1361,7_156,1362
1362,7_157,1363
1363,7_158,1364
1364,7_159,1365
1365,8_0,1366
1366,8_1,1367
1367,8_2,1368
1368,8_3,1369
1369,8_4,1370
1370,8_5,1371
1371,8_6,1372
1372,8_7,1373
1373,8_8,1374
1374,8_9,1375
1375,8_10,1376
1376,8_11,1377
1377,8_12,1378
1378,8_13,1379
1379,8_14,1380
1380,8_15,1381
1381,8_16,1382
1382,8_17,1383
1383,8_18,1384
1384,8_19,1385
1385,8_20,1386
1386,8_21,1387
1387,8_22,1388
1388,8_23,1389
1389,8_24,1390
1390,8_25,1391
1391,8_26,1392
1392,8_27,1393
1393,8_28,1394
1394,8_29,1395
1395,8_30,1396
1396,8_31,1397
1397,8_32,1398
1398,8_33,1399
1399,8_34,1400
1400,8_35,1401
1401,8_36,1402
1402,8_37,1403
1403,8_38,1404
1404,8_39,1405
1405,8_40,1406
1406,8_41,1407
1407,8_42,1408
1408,8_43,1409
1409,8_46,1410
1410,8_47,1411
1411,8_48,1412
1412,8_49,1413
1413,8_50,1414
1414,8_51,1415
1415,8_52,1416
1416,8_53,1417
1417,8_54,1418
1418,8_55,1419
1419,8_56,1420
1420,8_57,1421
1421,8_58,1422
1422,8_59,1423
1423,8_60,1424
1424,8_61,1425
1425,8_62,1426
1426,8_63,1427
1427,8_64,1428
1428,8_65,1429
1429,8_66,1430
1430,8_67,1431
1431,8_68,1432
1432,8_69,1433
1433,8_70,1434
1434,8_71,1435
1435,8_72,1436
1436,8_73,1437
1437,8_74,1438
1438,8_75,1439
1439,8_76,1440
1440,8_77,1441
1441,8_78,1442
1442,8_79,1443
1443,8_80,1444
1444,8_81,1445
1445,8_82,1446
1446,8_83,1447
1447,8_84,1448
1448,8_85,1449
1449,8_86,1450
1450,8_87,1451
1451,8_88,1452
1452,8_89,1453
1453,8_90,1454
1454,8_91,1455
1455,8_92,1456
1456,8_93,1457
1457,8_94,1458
1458,8_95,1459
1459,8_96,1460
1460,8_97,1461
1461,8_98,1462
1462,8_99,1463
1463,8_100,1464
1464,8_101,1465
1465,8_102,1466
1466,8_103,1467
1467,8_104,1468
1468,8_105,1469
1469,8_106,1470
1470,8_107,1471
1471,8_108,1472
1472,8_109,1473
1473,8_110,1474
1474,8_111,1475
1475,8_112,1476
1476,8_113,1477
1477,8_114,1478
1478,8_115,1479
1479,8_116,1480
1480,8_117,1481
1481,8_118,1482
1482,8_119,1483
1483,8_120,1484
1484,8_121,1485
1485,8_122,1486
1486,8_123,1487
1487,8_124,1488
1488,8_125,1489
1489,8_126,1490
1490,8_127,1491
1491,8_128,1492
1492,8_129,1493
1493,8_130,1494
1494,8_131,1495
1495,8_132,1496
1496,8_133,1497
1497,8_134,1498
1498,8_135,1499
1499,8_136,1500
1500,8_137,1501
1501,8_138,1502
1502,8_139,1503
1503,8_140,1504
1504,8_141,1505
1505,8_142,1506
1506,8_143,1507
1507,8_144,1508
1508,8_145,1509
1509,8_146,1510
1510,9_0,1511
1511,9_1,1512
1512,9_2,1513
1513,9_3,1514
1514,9_4,1515
1515,9_5,1516
1516,9_6,1517
1517,9_7,1518
1518,9_8,1519
1519,9_9,1520
1520,9_10,1521
1521,9_11,1522
1522,9_12,1523
1523,9_13,1524
1524,9_14,1525
1525,9_15,1526
1526,9_16,1527
1527,9_17,1528
1528,9_18,1529
1529,9_19,1530
1530,9_20,1531
1531,9_21,1532
1532,9_22,1533
1533,9_23,1534
1534,9_24,1535
1535,9_25,1536
1536,9_26,1537
1537,9_27,1538
1538,9_28,1539
1539,9_29,1540
1540,9_30,1541
1541,9_31,1542
1542,9_32,1543
1543,9_33,1544
1544,9_34,1545
1545,9_35,1546
1546,9_36,1547
1547,9_37,1548
1548,9_38,1549
1549,9_39,1550
1550,9_40,1551
1551,9_41,1552
1552,9_42,1553
1553,9_43,1554
1554,9_44,1555
1555,9_45,1556
1556,9_46,1557
1557,9_47,1558
1558,9_65,1559
1559,9_66,1560
1560,9_67,1561
1561,9_68,1562
1562,9_69,1563
1563,9_70,1564
1564,9_71,1565
1565,9_72,1566
1566,9_73,1567
1567,9_74,1568
1568,9_75,1569
1569,9_76,1570
1570,9_77,1571
1571,9_78,1572
1572,9_79,1573
1573,9_80,1574
1574,9_81,1575
1575,9_82,1576
1576,9_83,1577
1577,9_84,1578
1578,9_85,1579
1579,9_86,1580
1580,9_87,1581
1581,9_88,1582
1582,9_89,1583
1583,9_90,1584
1584,9_91,1585
1585,9_92,1586
1586,9_93,1587
1587,9_94,1588
1588,9_95,1589
1589,9_96,1590
1590,9_97,1591
1591,9_98,1592
1592,9_99,1593
1593,9_100,1594
1594,9_101,1595
1595,9_102,1596
1596,9_103,1597
1597,9_104,1598
1598,9_105,1599
1599,9_106,1600
1600,9_107,1601
1601,9_108,1602
1602,9_109,1603
1603,9_110,1604
1604,9_111,1605
1605,9_112,1606
1606,9_113,1607
1607,9_114,1608
1608,9_115,1609
1609,9_116,1610
1610,9_117,1611
1611,9_118,1612
1612,9_119,1613
1613,9_120,1614
1614,9_121,1615
1615,9_122,1616
1616,9_123,1617
1617,9_124,1618
1618,9_125,1619
1619,9_126,1620
1620,9_127,1621
1621,9_128,1622
1622,9_129,1623
1623,9_130,1624
1624,9_131,1625
1625,9_132,1626
1626,9_133,1627
1627,9_134,1628
1628,9_135,1629
1629,9_136,1630
1630,9_137,1631
1631,9_138,1632
1632,9_139,1633
1633,9_140,1634
1634,9_141,1635
1635,10_0,1636
1636,10_1,1637
1637,10_2,1638
1638,10_3,1639
1639,10_4,1640
1640,10_5,1641
1641,10_6,1642
1642,10_7,1643
1643,10_8,1644
1644,10_9,1645
1645,10_10,1646
1646,10_11,1647
1647,10_12,1648
1648,10_13,1649
1649,10_14,1650
1650,10_15,1651
1651,10_16,1652
1652,10_17,1653
1653,10_18,1654
1654,10_19,1655
1655,10_20,1656
1656,10_21,1657
1657,10_22,1658
1658,10_23,1659
1659,10_24,1660
1660,10_25,1661
1661,10_26,1662
1662,10_27,1663
1663,10_28,1664
1664,10_29,1665
1665,10_30,1666
1666,10_31,1667
1667,10_32,1668
1668,10_33,1669
1669,10_34,1670
1670,10_35,1671
1671,10_36,1672
1672,10_37,1673
1673,10_38,1674
1674,10_39,1675
1675,10_42,1676
1676,10_43,1677
1677,10_44,1678
1678,10_45,1679
1679,10_46,1680
1680,10_47,1681
1681,10_48,1682
1682,10_49,1683
1683,10_50,1684
1684,10_51,1685
1685,10_52,1686
1686,10_53,1687
1687,10_54,1688
1688,10_55,1689
1689,10_56,1690
1690,10_57,1691
1691,10_58,1692
1692,10_59,1693
1693,10_60,1694
1694,10_61,1695
1695,10_62,1696
1696,10_63,1697
1697,10_64,1698
1698,10_65,1699
1699,10_66,1700
1700,10_67,1701
1701,10_68,1702
1702,10_69,1703
1703,10_70,1704
1704,10_71,1705
1705,10_72,1706
1706,10_73,1707
1707,10_74,1708
1708,10_75,1709
1709,10_76,1710
1710,10_77,1711
1711,10_78,1712
1712,10_79,1713
1713,10_80,1714
1714,10_81,1715
1715,10_82,1716
1716,10_83,1717
1717,10_84,1718
1718,10_85,1719
1719,10_86,1720
1720,10_87,1721
1721,10_88,1722
1722,10_89,1723
1723,10_90,1724
1724,10_91,1725
1725,10_92,1726
1726,10_93,1727
1727,10_94,1728
1728,10_95,1729
1729,10_96,1730
1730,10_97,1731
1731,10_98,1732
1732,10_99,1733
1733,10_100,1734
1734,10_101,1735
1735,10_102,1736
1736,10_103,1737
1737,10_104,1738
1738,10_105,1739
1739,10_106,1740
1740,10_107,1741
1741,10_108,1742
1742,10_109,1743
1743,10_110,1744
1744,10_111,1745
1745,10_112,1746
1746,10_113,1747
1747,10_114,1748
1748,10_115,1749
1749,10_116,1750
1750,10_117,1751
1751,10_118,1752
1752,10_119,1753
1753,10_120,1754
1754,10_121,1755
1755,10_122,1756
1756,10_123,1757
1757,10_124,1758
1758,10_125,1759
1759,10_126,1760
1760,10_127,1761
1761,10_128,1762
1762,10_129,1763
1763,10_130,1764
1764,10_131,1765
1765,10_132,1766
1766,10_133,1767
1767,10_134,1768
1768,10_135,1769
1769,11_0,1770
1770,11_1,1771
1771,11_2,1772
1772,11_3,1773
1773,11_4,1774
1774,11_5,1775
1775,11_6,1776
1776,11_7,1777
1777,11_8,1778
1778,11_9,1779
1779,11_10,1780
1780,11_11,1781
1781,11_12,1782
1782,11_13,1783
1783,11_14,1784
1784,11_15,1785
1785,11_16,1786
1786,11_17,1787
1787,11_18,1788
1788,11_19,1789
1789,11_20,1790
1790,11_21,1791
1791,11_22,1792
1792,11_23,1793
1793,11_24,1794
1794,11_25,1795
1795,11_26,1796
1796,11_27,1797
1797,11_28,1798
1798,11_29,1799
1799,11_30,1800
1800,11_31,1801
1801,11_32,1802
1802,11_33,1803
1803,11_34,1804
1804,11_35,1805
1805,11_36,1806
1806,11_37,1807
1807,11_38,1808
1808,11_39,1809
1809,11_40,1810
1810,11_41,1811
1811,11_42,1812
1812,11_43,1813
1813,11_44,1814
1814,11_45,1815
1815,11_46,1816
1816,11_47,1817
1817,11_48,1818
1818,11_49,1819
1819,11_50,1820
1820,11_51,1821
1821,11_54,1822
1822,11_55,1823
1823,11_56,1824
1824,11_57,1825
1825,11_58,1826
1826,11_59,1827
1827,11_60,1828
1828,11_61,1829
1829,11_62,1830
1830,11_63,1831
1831,11_64,1832
1832,11_65,1833
1833,11_66,1834
1834,11_67,1835
1835,11_68,1836
1836,11_69,1837
1837,11_70,1838
1838,11_71,1839
1839,11_72,1840
1840,11_73,1841
1841,11_74,1842
1842,11_75,1843
1843,11_76,1844
1844,11_77,1845
1845,11_78,1846
1846,11_79,1847
1847,11_80,1848
1848,11_81,1849
1849,11_82,1850
1850,11_83,1851
1851,11_84,1852
1852,11_85,1853
1853,11_86,1854
1854,11_87,1855
1855,11_88,1856
1856,11_89,1857
1857,11_90,1858
1858,11_91,1859
1859,11_92,1860
1860,11_93,1861
1861,11_94,1862
1862,11_95,1863
1863,11_96,1864
1864,11_97,1865
1865,11_98,1866
1866,11_99,1867
1867,11_100,1868
1868,11_101,1869
1869,11_102,1870
1870,11_103,1871
1871,11_104,1872
1872,11_105,1873
1873,11_106,1874
1874,11_107,1875
1875,11_108,1876
1876,11_109,1877
1877,11_110,1878
1878,11_111,1879
1879,11_112,1880
1880,11_113,1881
1881,11_114,1882
1882,11_115,1883
1883,11_116,1884
1884,11_117,1885
1885,11_118,1886
1886,11_119,1887
1887,11_120,1888
1888,11_121,1889
1889,11_122,1890
1890,11_123,1891
1891,11_124,1892
1892,11_125,1893
1893,11_126,1894
1894,11_127,1895
1895,11_128,1896
1896,11_129,1897
1897,11_130,1898
1898,11_131,1899
1899,11_132,1900
1900,11_133,1901
1901,11_134,1902
1902,12_0,1903
1903,12_1,1904
1904,12_2,1905
1905,12_3,1906
1906,12_4,1907
1907,12_5,1908
1908,12_6,1909
1909,12_7,1910
1910,12_8,1911
1911,12_9,1912
1912,12_10,1913
1913,12_11,1914
1914,12_12,1915
1915,12_13,1916
1916,12_14,1917
1917,12_15,1918
1918,12_16,1919
1919,12_17,1920
1920,12_18,1921
1921,12_19,1922
1922,12_20,1923
1923,12_21,1924
1924,12_22,1925
1925,12_23,1926
1926,12_24,1927
1927,12_25,1928
1928,12_26,1929
1929,12_27,1930
1930,12_28,1931
1931,12_29,1932
1932,12_30,1933
1933,12_31,1934
1934,12_32,1935
1935,12_33,1936
1936,12_34,1937
1937,12_37,1938
1938,12_38,1939
1939,12_39,1940
1940,12_40,1941
1941,12_41,1942
1942,12_42,1943
1943,12_43,1944
1944,12_44,1945
1945,12_45,1946
1946,12_46,1947
1947,12_47,1948
1948,12_48,1949
1949,12_49,1950
1950,12_50,1951
1951,12_51,1952
1952,12_52,1953
1953,12_53,1954
1954,12_54,1955
1955,12_55,1956
1956,12_56,1957
1957,12_57,1958
1958,12_58,1959
1959,12_59,1960
1960,12_60,1961
1961,12_61,1962
1962,12_62,1963
1963,12_63,1964
1964,12_64,1965
1965,12_65,1966
1966,12_66,1967
1967,12_67,1968
1968,12_68,1969
1969,12_69,1970
1970,12_70,1971
1971,12_71,1972
1972,12_72,1973
1973,12_73,1974
1974,12_74,1975
1975,12_75,1976
1976,12_76,1977
1977,12_77,1978
1978,12_78,1979
1979,12_79,1980
1980,12_80,1981
1981,12_81,1982
1982,12_82,1983
1983,12_83,1984
1984,12_84,1985
1985,12_85,1986
1986,12_86,1987
1987,12_87,1988
1988,12_88,1989
1989,12_89,1990
1990,12_90,1991
1991,12_91,1992
1992,12_92,1993
1993,12_93,1994
1994,12_94,1995
1995,12_95,1996
1996,12_96,1997
1997,12_97,1998
1998,12_98,1999
1999,12_99,2000
2000,12_100,2001
2001,12_101,2002
2002,12_102,2003
2003,12_103,2004
2004,12_104,2005
2005,12_105,2006
2006,12_106,2007
2007,12_107,2008
2008,12_108,2009
2009,12_109,2010
2010,12_110,2011
2011,12_111,2012
2012,12_112,2013
2013,12_113,2014
2014,12_114,2015
2015,12_115,2016
2016,12_116,2017
2017,12_117,2018
2018,12_118,2019
2019,12_119,2020
2020,12_120,2021
2021,12_121,2022
2022,12_122,2023
2023,12_123,2024
2024,12_124,2025
2025,12_125,2026
2026,12_126,2027
2027,12_127,2028
2028,12_128,2029
2029,12_129,2030
2030,12_130,2031
2031,12_131,2032
2032,12_132,2033
2033,12_133,2034
2034,13_19,2035
2035,13_20,2036
2036,13_21,2037
2037,13_22,2038
2038,13_23,2039
2039,13_24,2040
2040,13_25,2041
2041,13_26,2042
2042,13_27,2043
2043,13_28,2044
2044,13_29,2045
2045,13_30,2046
2046,13_31,2047
2047,13_32,2048
2048,13_33,2049
2049,13_34,2050
2050,13_35,2051
2051,13_36,2052
2052,13_37,2053
2053,13_38,2054
2054,13_39,2055
2055,13_40,2056
2056,13_41,2057
2057,13_42,2058
2058,13_43,2059
2059,13_44,2060
2060,13_45,2061
2061,13_46,2062
2062,13_47,2063
2063,13_48,2064
2064,13_49,2065
2065,13_50,2066
2066,13_51,2067
2067,13_52,2068
2068,13_53,2069
2069,13_54,2070
2070,13_55,2071
2071,13_56,2072
2072,13_57,2073
2073,13_58,2074
2074,13_59,2075
2075,13_60,2076
2076,13_61,2077
2077,13_62,2078
2078,13_63,2079
2079,13_64,2080
2080,13_65,2081
2081,13_66,2082
2082,13_67,2083
2083,13_68,2084
2084,13_69,2085
2085,13_70,2086
2086,13_71,2087
2087,13_72,2088
2088,13_73,2089
2089,13_74,2090
2090,13_75,2091
2091,13_76,2092
2092,13_77,2093
2093,13_78,2094
2094,13_79,2095
2095,13_80,2096
2096,13_81,2097
2097,13_82,2098
2098,13_83,2099
2099,13_84,2100
2100,13_85,2101
2101,13_86,2102
2102,13_87,2103
2103,13_88,2104
2104,13_89,2105
2105,13_90,2106
2106,13_91,2107
2107,13_92,2108
2108,13_93,2109
2109,13_94,2110
2110,13_95,2111
2111,13_96,2112
2112,13_97,2113
2113,13_98,2114
2114,13_99,2115
2115,13_100,2116
2116,13_101,2117
2117,13_102,2118
2118,13_103,2119
2119,13_104,2120
2120,13_105,2121
2121,13_106,2122
2122,13_107,2123
2123,13_108,2124
2124,13_109,2125
2125,13_110,2126
2126,13_111,2127
2127,13_112,2128
2128,13_113,2129
2129,13_114,2130
2130,13_115,2131
2131,14_19,2132
2132,14_20,2133
2133,14_21,2134
2134,14_22,2135
2135,14_23,2136
2136,14_24,2137
2137,14_25,2138
2138,14_26,2139
2139,14_27,2140
2140,14_28,2141
2141,14_29,2142
2142,14_30,2143
2143,14_31,2144
2144,14_32,2145
2145,14_33,2146
2146,14_34,2147
2147,14_35,2148
2148,14_36,2149
2149,14_37,2150
2150,14_38,2151
2151,14_39,2152
2152,14_40,2153
2153,14_41,2154
2154,14_42,2155
2155,14_43,2156
2156,14_44,2157
2157,14_45,2158
2158,14_46,2159
2159,14_47,2160
2160,14_48,2161
2161,14_49,2162
2162,14_50,2163
2163,14_51,2164
2164,14_52,2165
2165,14_53,2166
2166,14_54,2167
2167,14_55,2168
2168,14_56,2169
2169,14_57,2170
2170,14_58,2171
2171,14_59,2172
2172,14_60,2173
2173,14_61,2174
2174,14_62,2175
2175,14_63,2176
2176,14_64,2177
2177,14_65,2178
2178,14_66,2179
2179,14_67,2180
2180,14_68,2181
2181,14_69,2182
2182,14_70,2183
2183,14_71,2184
2184,14_72,2185
2185,14_73,2186
2186,14_74,2187
2187,14_75,2188
2188,14_76,2189
2189,14_77,2190
2190,14_78,2191
2191,14_79,2192
2192,14_80,2193
2193,14_81,2194
2194,14_82,2195
2195,14_83,2196
2196,14_84,2197
2197,14_85,2198
2198,14_86,2199
2199,14_87,2200
2200,14_88,2201
2201,14_89,2202
2202,14_90,2203
2203,14_91,2204
2204,14_92,2205
2205,14_93,2206
2206,14_94,2207
2207,14_95,2208
2208,14_96,2209
2209,14_97,2210
2210,14_98,2211
2211,14_99,2212
2212,14_100,2213
2213,14_101,2214
2214,14_102,2215
2215,14_103,2216
2216,14_104,2217
2217,14_105,2218
2218,14_106,2219
2219,14_107,2220
2220,15_20,2221
2221,15_21,2222
2222,15_22,2223
2223,15_23,2224
2224,15_24,2225
2225,15_25,2226
2226,15_26,2227
2227,15_27,2228
2228,15_28,2229
2229,15_29,2230
2230,15_30,2231
2231,15_31,2232
2232,15_32,2233
2233,15_33,2234
2234,15_34,2235
2235,15_35,2236
2236,15_36,2237
2237,15_37,2238
2238,15_38,2239
2239,15_39,2240
2240,15_40,2241
2241,15_41,2242
2242,15_42,2243
2243,15_43,2244
2244,15_44,2245
2245,15_45,2246
2246,15_46,2247
2247,15_47,2248
2248,15_48,2249
2249,15_49,2250
2250,15_50,2251
2251,15_51,2252
2252,15_52,2253
2253,15_53,2254
2254,15_54,2255
2255,15_55,2256
2256,15_56,2257
2257,15_57,2258
2258,15_58,2259
2259,15_59,2260
2260,15_60,2261
2261,15_61,2262
2262,15_62,2263
2263,15_63,2264
2264,15_64,2265
2265,15_65,2266
2266,15_66,2267
2267,15_67,2268
2268,15_68,2269
2269,15_69,2270
2270,15_70,2271
2271,15_71,2272
2272,15_72,2273
2273,15_73,2274
2274,15_74,2275
2275,15_75,2276
2276,15_76,2277
2277,15_77,2278
2278,15_78,2279
2279,15_79,2280
2280,15_80,2281
2281,15_81,2282
2282,15_82,2283
2283,15_83,2284
2284,15_84,2285
2285,15_85,2286
2286,15_86,2287
2287,15_87,2288
2288,15_88,2289
2289,15_89,2290
2290,15_90,2291
2291,15_91,2292
2292,15_92,2293
2293,15_93,2294
2294,15_94,2295
2295,15_95,2296
2296,15_96,2297
2297,15_97,2298
2298,15_98,2299
2299,15_99,2300
2300,15_100,2301
2301,15_101,2302
2302,15_102,2303
2303,16_0,2304
2304,16_1,2305
2305,16_2,2306
2306,16_3,2307
2307,16_4,2308
2308,16_5,2309
2309,16_6,2310
2310,16_7,2311
2311,16_8,2312
2312,16_9,2313
2313,16_10,2314
2314,16_11,2315
2315,16_12,2316
2316,16_13,2317
2317,16_14,2318
2318,16_15,2319
2319,16_16,2320
2320,16_17,2321
2321,16_18,2322
2322,16_19,2323
2323,16_20,2324
2324,16_21,2325
2325,16_22,2326
2326,16_23,2327
2327,16_24,2328
2328,16_25,2329
2329,16_26,2330
2330,16_27,2331
2331,16_28,2332
2332,16_29,2333
2333,16_30,2334
2334,16_31,2335
2335,16_32,2336
2336,16_33,2337
2337,16_34,2338
2338,16_35,2339
2339,16_46,2340
2340,16_47,2341
2341,16_48,2342
2342,16_49,2343
2343,16_50,2344
2344,16_51,2345
2345,16_52,2346
2346,16_53,2347
2347,16_54,2348
2348,16_55,2349
2349,16_56,2350
2350,16_57,2351
2351,16_58,2352
2352,16_59,2353
2353,16_60,2354
2354,16_61,2355
2355,16_62,2356
2356,16_63,2357
2357,16_64,2358
2358,16_65,2359
2359,16_66,2360
2360,16_67,2361
2361,16_68,2362
2362,16_69,2363
2363,16_70,2364
2364,16_71,2365
2365,16_72,2366
2366,16_73,2367
2367,16_74,2368
2368,16_75,2369
2369,16_76,2370
2370,16_77,2371
2371,16_78,2372
2372,16_79,2373
2373,16_80,2374
2374,16_81,2375
2375,16_82,2376
2376,16_83,2377
2377,16_84,2378
2378,16_85,2379
2379,16_86,2380
2380,16_87,2381
2381,16_88,2382
2382,16_89,2383
2383,16_90,2384
2384,17_0,2385
2385,17_1,2386
2386,17_2,2387
2387,17_3,2388
2388,17_4,2389
2389,17_5,2390
2390,17_6,2391
2391,17_7,2392
2392,17_8,2393
2393,17_9,2394
2394,17_10,2395
2395,17_11,2396
2396,17_12,2397
2397,17_13,2398
2398,17_14,2399
2399,17_15,2400
2400,17_16,2401
2401,17_17,2402
2402,17_18,2403
2403,17_19,2404
2404,17_20,2405
2405,17_21,2406
2406,17_22,2407
2407,17_25,2408
2408,17_26,2409
2409,17_27,2410
2410,17_28,2411
2411,17_29,2412
2412,17_30,2413
2413,17_31,2414
2414,17_32,2415
2415,17_33,2416
2416,17_34,2417
2417,17_35,2418
2418,17_36,2419
2419,17_37,2420
2420,17_38,2421
2421,17_39,2422
2422,17_40,2423
2423,17_41,2424
2424,17_42,2425
2425,17_43,2426
2426,17_44,2427
2427,17_45,2428
2428,17_46,2429
2429,17_47,2430
2430,17_48,2431
2431,17_49,2432
2432,17_50,2433
2433,17_51,2434
2434,17_52,2435
2435,17_53,2436
2436,17_54,2437
2437,17_55,2438
2438,17_56,2439
2439,17_57,2440
2440,17_58,2441
2441,17_59,2442
2442,17_60,2443
2443,17_61,2444
2444,17_62,2445
2445,17_63,2446
2446,17_64,2447
2447,17_65,2448
2448,17_66,2449
2449,17_67,2450
2450,17_68,2451
2451,17_69,2452
2452,17_70,2453
2453,17_71,2454
2454,17_72,2455
2455,17_73,2456
2456,17_74,2457
2457,17_75,2458
2458,17_76,2459
2459,17_77,2460
2460,17_78,2461
2461,17_79,2462
2462,17_80,2463
2463,17_81,2464
2464,18_0,2465
2465,18_1,2466
2466,18_2,2467
2467,18_3,2468
2468,18_4,2469
2469,18_5,2470
2470,18_6,2471
2471,18_7,2472
2472,18_8,2473
2473,18_9,2474
2474,18_10,2475
2475,18_11,2476
2476,18_12,2477
2477,18_13,2478
2478,18_14,2479
2479,18_15,2480
2480,18_18,2481
2481,18_19,2482
2482,18_20,2483
2483,18_21,2484
2484,18_22,2485
2485,18_23,2486
2486,18_24,2487
2487,18_25,2488
2488,18_26,2489
2489,18_27,2490
2490,18_28,2491
2491,18_29,2492
2492,18_30,2493
2493,18_31,2494
2494,18_32,2495
2495,18_33,2496
2496,18_34,2497
2497,18_35,2498
2498,18_36,2499
2499,18_37,2500
2500,18_38,2501
2501,18_39,2502
2502,18_40,2503
2503,18_41,2504
2504,18_42,2505
2505,18_43,2506
2506,18_44,2507
2507,18_45,2508
2508,18_46,2509
2509,18_47,2510
2510,18_48,2511
2511,18_49,2512
2512,18_50,2513
2513,18_51,2514
2514,18_52,2515
2515,18_53,2516
2516,18_54,2517
2517,18_55,2518
2518,18_56,2519
2519,18_57,2520
2520,18_58,2521
2521,18_59,2522
2522,18_60,2523
2523,18_61,2524
2524,18_62,2525
2525,18_63,2526
2526,18_64,2527
2527,18_65,2528
2528,18_66,2529
2529,18_67,2530
2530,18_68,2531
2531,18_69,2532
2532,18_70,2533
2533,18_71,2534
2534,18_72,2535
2535,18_73,2536
2536,18_74,2537
2537,18_75,2538
2538,18_76,2539
2539,18_77,2540
2540,18_78,2541
2541,19_0,2542
2542,19_1,2543
2543,19_2,2544
2544,19_3,2545
2545,19_4,2546
2546,19_5,2547
2547,19_6,2548
2548,19_7,2549
2549,19_8,2550
2550,19_9,2551
2551,19_10,2552
2552,19_11,2553
2553,19_12,2554
2554,19_13,2555
2555,19_14,2556
2556,19_15,2557
2557,19_16,2558
2558,19_17,2559
2559,19_18,2560
2560,19_19,2561
2561,19_20,2562
2562,19_21,2563
2563,19_22,2564
2564,19_23,2565
2565,19_24,2566
2566,19_27,2567
2567,19_28,2568
2568,19_29,2569
2569,19_30,2570
2570,19_31,2571
2571,19_32,2572
2572,19_33,2573
2573,19_34,2574
2574,19_35,2575
2575,19_36,2576
2576,19_37,2577
2577,19_38,2578
2578,19_39,2579
2579,19_40,2580
2580,19_41,2581
2581,19_42,2582
2582,19_43,2583
2583,19_44,2584
2584,19_45,2585
2585,19_46,2586
2586,19_47,2587
2587,19_48,2588
2588,19_49,2589
2589,19_50,2590
2590,19_51,2591
2591,19_52,2592
2592,19_53,2593
2593,19_54,2594
2594,19_55,2595
2595,19_56,2596
2596,19_57,2597
2597,19_58,2598
2598,19_59,2599
2599,20_0,2600
2600,20_1,2601
2601,20_2,2602
2602,20_3,2603
2603,20_4,2604
2604,20_5,2605
2605,20_6,2606
2606,20_7,2607
2607,20_8,2608
2608,20_9,2609
2609,20_10,2610
2610,20_11,2611
2611,20_12,2612
2612,20_13,2613
2613,20_14,2614
2614,20_15,2615
2615,20_16,2616
2616,20_17,2617
2617,20_18,2618
2618,20_19,2619
2619,20_20,2620
2620,20_21,2621
2621,20_22,2622
2622,20_23,2623
2623,20_24,2624
2624,20_25,2625
2625,20_26,2626
2626,20_29,2627
2627,20_30,2628
2628,20_31,2629
2629,20_32,2630
2630,20_33,2631
2631,20_34,2632
2632,20_35,2633
2633,20_36,2634
2634,20_37,2635
2635,20_38,2636
2636,20_39,2637
2637,20_40,2638
2638,20_41,2639
2639,20_42,2640
2640,20_43,2641
2641,20_44,2642
2642,20_45,2643
2643,20_46,2644
2644,20_47,2645
2645,20_48,2646
2646,20_49,2647
2647,20_50,2648
2648,20_51,2649
2649,20_52,2650
2650,20_53,2651
2651,20_54,2652
2652,20_55,2653
2653,20_56,2654
2654,20_57,2655
2655,20_58,2656
2656,20_59,2657
2657,20_60,2658
2658,20_61,2659
2659,20_62,2660
2660,21_9,2661
2661,21_10,2662
2662,21_11,2663
2663,21_14,2664
2664,21_15,2665
2665,21_16,2666
2666,21_17,2667
2667,21_18,2668
2668,21_19,2669
2669,21_20,2670
2670,21_21,2671
2671,21_22,2672
2672,21_23,2673
2673,21_24,2674
2674,21_25,2675
2675,21_26,2676
2676,21_27,2677
2677,21_28,2678
2678,21_29,2679
2679,21_30,2680
2680,21_31,2681
2681,21_32,2682
2682,21_33,2683
2683,21_34,2684
2684,21_35,2685
2685,21_36,2686
2686,21_37,2687
2687,21_38,2688
2688,21_39,2689
2689,21_40,2690
2690,21_41,2691
2691,21_42,2692
2692,21_43,2693
2693,21_44,2694
2694,21_45,2695
2695,21_46,2696
2696,21_47,2697
2697,21_48,2698
2698,22_16,2699
2699,22_17,2700
2700,22_18,2701
2701,22_19,2702
2702,22_20,2703
2703,22_21,2704
2704,22_22,2705
2705,22_23,2706
2706,22_24,2707
2707,22_25,2708
2708,22_26,2709
2709,22_27,2710
2710,22_28,2711
2711,22_29,2712
2712,22_30,2713
2713,22_31,2714
2714,22_32,2715
2715,22_33,2716
2716,22_34,2717
2717,22_35,2718
2718,22_36,2719
2719,22_37,2720
2720,22_38,2721
2721,22_39,2722
2722,22_40,2723
2723,22_41,2724
2724,22_42,2725
2725,22_43,2726
2726,22_44,2727
2727,22_45,2728
2728,22_46,2729
2729,22_47,2730
2730,22_48,2731
2731,22_49,2732
2732,22_50,2733
2733,22_51,2734
2734,X_0,2735
2735,X_1,2736
2736,X_2,2737
2737,X_3,2738
2738,X_4,2739
2739,X_5,2740
2740,X_6,2741
2741,X_7,2742
2742,X_8,2743
2743,X_9,2744
2744,X_10,2745
2745,X_11,2746
2746,X_12,2747
2747,X_13,2748
2748,X_14,2749
2749,X_15,2750
2750,X_16,2751
2751,X_17,2752
2752,X_18,2753
2753,X_19,2754
2754,X_20,2755
2755,X_21,2756
2756,X_22,2757
2757,X_23,2758
2758,X_24,2759
2759,X_25,2760
2760,X_26,2761
2761,X_27,2762
2762,X_28,2763
2763,X_29,2764
2764,X_30,2765
2765,X_31,2766
2766,X_32,2767
2767,X_33,2768
2768,X_34,2769
2769,X_35,2770
2770,X_36,2771
2771,X_37,2772
2772,X_38,2773
2773,X_39,2774
2774,X_40,2775
2775,X_41,2776
2776,X_42,2777
2777,X_43,2778
2778,X_44,2779
2779,X_45,2780
2780,X_46,2781
2781,X_47,2782
2782,X_48,2783
2783,X_49,2784
2784,X_50,2785
2785,X_51,2786
2786,X_52,2787
2787,X_53,2788
2788,X_54,2789
2789,X_55,2790
2790,X_56,2791
2791,X_57,2792
2792,X_58,2793
2793,X_61,2794
2794,X_62,2795
2795,X_63,2796
2796,X_64,2797
2797,X_65,2798
2798,X_66,2799
2799,X_67,2800
2800,X_68,2801
2801,X_69,2802
2802,X_70,2803
2803,X_71,2804
2804,X_72,2805
2805,X_73,2806
2806,X_74,2807
2807,X_75,2808
2808,X_76,2809
2809,X_77,2810
2810,X_78,2811
2811,X_79,2812
2812,X_80,2813
2813,X_81,2814
2814,X_82,2815
2815,X_83,2816
2816,X_84,2817
2817,X_85,2818
2818,X_86,2819
2819,X_87,2820
2820,X_88,2821
2821,X_89,2822
2822,X_90,2823
2823,X_91,2824
2824,X_92,2825
2825,X_93,2826
2826,X_94,2827
2827,X_95,2828
2828,X_96,2829
2829,X_97,2830
2830,X_98,2831
2831,X_99,2832
2832,X_100,2833
2833,X_101,2834
2834,X_102,2835
2835,X_103,2836
2836,X_104,2837
2837,X_105,2838
2838,X_106,2839
2839,X_107,2840
2840,X_108,2841
2841,X_109,2842
2842,X_110,2843
2843,X_111,2844
2844,X_112,2845
2845,X_113,2846
2846,X_114,2847
2847,X_115,2848
2848,X_116,2849
2849,X_117,2850
2850,X_118,2851
2851,X_119,2852
2852,X_120,2853
2853,X_121,2854
2854,X_122,2855
2855,X_123,2856
2856,X_124,2857
2857,X_125,2858
2858,X_126,2859
2859,X_127,2860
2860,X_128,2861
2861,X_129,2862
2862,X_130,2863
2863,X_131,2864
2864,X_132,2865
2865,X_133,2866
2866,X_134,2867
2867,X_135,2868
2868,X_136,2869
2869,X_137,2870
2870,X_138,2871
2871,X_139,2872
2872,X_140,2873
2873,X_141,2874
2874,X_142,2875
2875,X_143,2876
2876,X_144,2877
2877,X_145,2878
2878,X_146,2879
2879,X_147,2880
2880,X_148,2881
2881,X_149,2882
2882,X_150,2883
2883,X_151,2884
2884,X_152,2885
2885,X_153,2886
2886,X_154,2887
2887,X_155,2888
2888,Y_2,2889
2889,Y_3,2890
2890,Y_4,2891
2891,Y_5,2892
2892,Y_6,2893
2893,Y_7,2894
2894,Y_8,2895
2895,Y_9,2896
2896,Y_10,2897
2897,Y_13,2898
2898,Y_14,2899
2899,Y_15,2900
2900,Y_16,2901
2901,Y_17,2902
2902,Y_18,2903
2903,Y_19,2904
2904,Y_20,2905
2905,Y_21,2906
2906,Y_22,2907
2907,Y_23,2908
2908,Y_24,2909
2909,Y_25,2910
2910,Y_26,2911
2911,Y_27,2912
2912,Y_28,2913
2913,Y_58,2914
2914,Y_59,2915
